<?xml version="1.0" encoding="UTF-8"?>

  <profile xmlns:zmp="http://www.zmodeler2.com/xsd/zmp" >
    <zmp:folder name="Services" >
      <zmp:folder name="Hotkeys" >
        <zmp:folder name="Key_0000" >
          <zmp:key name="Title" type="s" value="Viewport: Pick Pan tool" />
          <zmp:key name="Key" type="u" value="0x4000058" />
        </zmp:folder>
      
        <zmp:folder name="Key_0001" >
          <zmp:key name="Title" type="s" value="Viewport: Fit the view" />
          <zmp:key name="Key" type="u" value="0x400006A" />
        </zmp:folder>
      
        <zmp:folder name="Key_0002" >
          <zmp:key name="Title" type="s" value="&amp;Help\About" />
          <zmp:key name="Key" type="u" value="0x4000070" />
        </zmp:folder>
      
        <zmp:folder name="Key_0003" >
          <zmp:key name="Title" type="s" value="&amp;View\Materials Editor" />
          <zmp:key name="Key" type="u" value="0x4000045" />
        </zmp:folder>
      
        <zmp:folder name="Key_0004" >
          <zmp:key name="Title" type="s" value="&amp;Edit\Properties..." />
          <zmp:key name="Key" type="u" value="0x410000D" />
        </zmp:folder>
      
        <zmp:folder name="Key_0005" >
          <zmp:key name="Title" type="s" value="&amp;Edit\Undo" />
          <zmp:key name="Key" type="u" value="0x408005A" />
        </zmp:folder>
      
        <zmp:folder name="Key_0006" >
          <zmp:key name="Title" type="s" value="&amp;Edit\Redo" />
          <zmp:key name="Key" type="u" value="0x4080058" />
        </zmp:folder>
      
        <zmp:folder name="Key_0007" >
          <zmp:key name="Title" type="s" value="Viewport: Zoom-In view at cursor" />
          <zmp:key name="Key" type="u" value="0x400006D" />
        </zmp:folder>
      
        <zmp:folder name="Key_0008" >
          <zmp:key name="Title" type="s" value="Viewport: Zoom-Out view at cursor" />
          <zmp:key name="Key" type="u" value="0x400006B" />
        </zmp:folder>
      
        <zmp:folder name="Key_0009" >
          <zmp:key name="Title" type="s" value="Viewport: Maximize/Restore" />
          <zmp:key name="Key" type="u" value="0x400005A" />
        </zmp:folder>
      
        <zmp:folder name="Key_0010" >
          <zmp:key name="Title" type="s" value="Switch SELECTED MODE On/Off" />
          <zmp:key name="Key" type="u" value="0x4000020" />
        </zmp:folder>
      
        <zmp:folder name="Key_0011" >
          <zmp:key name="Title" type="s" value="Create...\Polygon...\Strip" />
          <zmp:key name="Key" type="u" value="0x5100053" />
        </zmp:folder>
      
        <zmp:folder name="Key_0012" >
          <zmp:key name="Title" type="s" value="Modify...\Delete" />
          <zmp:key name="Key" type="u" value="0x600002E" />
        </zmp:folder>
      
        <zmp:folder name="Key_0013" >
          <zmp:key name="Title" type="s" value="Display...\Hide" />
          <zmp:key name="Key" type="u" value="0x6000048" />
        </zmp:folder>
      
        <zmp:folder name="Key_0014" >
          <zmp:key name="Title" type="s" value="Modify...\Insert" />
          <zmp:key name="Key" type="u" value="0x600002D" />
        </zmp:folder>
      
        <zmp:folder name="Key_0015" >
          <zmp:key name="Title" type="s" value="Modify...\Move" />
          <zmp:key name="Key" type="u" value="0x510004D" />
        </zmp:folder>
      
        <zmp:folder name="Key_0016" >
          <zmp:key name="Title" type="s" value="Surface...\Normals...\Calculate" />
          <zmp:key name="Key" type="u" value="0x6000043" />
        </zmp:folder>
      
        <zmp:folder name="Key_0017" >
          <zmp:key name="Title" type="s" value="Select...\All" />
          <zmp:key name="Key" type="u" value="0x6040041" />
        </zmp:folder>
      
        <zmp:folder name="Key_0018" >
          <zmp:key name="Title" type="s" value="Select...\Invert" />
          <zmp:key name="Key" type="u" value="0x6040049" />
        </zmp:folder>
      
        <zmp:folder name="Key_0019" >
          <zmp:key name="Title" type="s" value="Select...\None" />
          <zmp:key name="Key" type="u" value="0x6040044" />
        </zmp:folder>
      
        <zmp:folder name="Key_0020" >
          <zmp:key name="Title" type="s" value="Select...\Quadr" />
          <zmp:key name="Key" type="u" value="0x5040047" />
        </zmp:folder>
      
        <zmp:folder name="Key_0021" >
          <zmp:key name="Title" type="s" value="Select...\Single" />
          <zmp:key name="Key" type="u" value="0x6040053" />
        </zmp:folder>
      
        <zmp:folder name="Key_0022" >
          <zmp:key name="Title" type="s" value="Modify...\Submesh...\Weld" />
          <zmp:key name="Key" type="u" value="0x6000057" />
        </zmp:folder>
      
        <zmp:folder name="Key_0023" >
          <zmp:key name="Title" type="s" value="Switch Auto selected mode" />
          <zmp:key name="Key" type="u" value="0x4040020" />
        </zmp:folder>
      
        <zmp:key name="numKeys" type="l" value="24" />
      </zmp:folder>
    
      <zmp:folder name="UndoTree" >
        <zmp:key name="x" type="l" value="213" />
        <zmp:key name="y" type="l" value="63" />
        <zmp:key name="cx" type="l" value="234" />
        <zmp:key name="cy" type="l" value="271" />
      </zmp:folder>
    
      <zmp:folder name="Viewports" >
        <zmp:key name="ViewCount" type="l" value="10" />
        <zmp:folder name="view0" >
          <zmp:key name="kind" type="u" value="0x1D000" />
          <zmp:key name="forceBgColor" type="l" value="0" />
          <zmp:key name="BgColor" type="u" value="0x0" />
        </zmp:folder>
      
        <zmp:folder name="view1" >
          <zmp:key name="kind" type="u" value="0x23100" />
          <zmp:key name="forceBgColor" type="l" value="0" />
          <zmp:key name="BgColor" type="u" value="0xE5E5E5" />
        </zmp:folder>
      
        <zmp:folder name="view2" >
          <zmp:key name="kind" type="u" value="0x23200" />
          <zmp:key name="forceBgColor" type="l" value="0" />
          <zmp:key name="BgColor" type="u" value="0xE5E5E5" />
        </zmp:folder>
      
        <zmp:folder name="view3" >
          <zmp:key name="kind" type="u" value="0x23400" />
          <zmp:key name="forceBgColor" type="l" value="0" />
          <zmp:key name="BgColor" type="u" value="0xE5E5E5" />
        </zmp:folder>
      
        <zmp:folder name="view4" >
          <zmp:key name="kind" type="u" value="0x23900" />
          <zmp:key name="forceBgColor" type="l" value="0" />
          <zmp:key name="BgColor" type="u" value="0xE5E5E5" />
        </zmp:folder>
      
        <zmp:folder name="view5" >
          <zmp:key name="kind" type="u" value="0x23A00" />
          <zmp:key name="forceBgColor" type="l" value="0" />
          <zmp:key name="BgColor" type="u" value="0xE5E5E5" />
        </zmp:folder>
      
        <zmp:folder name="view6" >
          <zmp:key name="kind" type="u" value="0x23C00" />
          <zmp:key name="forceBgColor" type="l" value="0" />
          <zmp:key name="BgColor" type="u" value="0xE5E5E5" />
        </zmp:folder>
      
        <zmp:folder name="view7" >
          <zmp:key name="kind" type="u" value="0x25000" />
          <zmp:key name="forceBgColor" type="l" value="0" />
          <zmp:key name="BgColor" type="u" value="0xE5E5E5" />
        </zmp:folder>
      
        <zmp:folder name="view8" >
          <zmp:key name="kind" type="u" value="0x2D000" />
          <zmp:key name="forceBgColor" type="l" value="0" />
          <zmp:key name="BgColor" type="u" value="0xE5E5E5" />
        </zmp:folder>
      
        <zmp:folder name="view9" >
          <zmp:key name="kind" type="u" value="0x63100" />
          <zmp:key name="forceBgColor" type="l" value="0" />
          <zmp:key name="BgColor" type="u" value="0xE5E5E5" />
        </zmp:folder>
      
        <zmp:folder name="View_23100" >
          <zmp:key name="CGridLayer" type="u" value="0x7" />
          <zmp:key name="forceBgColor" type="l" value="0" />
          <zmp:key name="BgColor" type="u" value="0xE5E5E5" />
          <zmp:key name="CAllViewsActive" type="l" value="1" />
          <zmp:key name="CAxesTripodLayer" type="u" value="0x10" />
        </zmp:folder>
      
        <zmp:folder name="View_23200" >
          <zmp:key name="CGridLayer" type="u" value="0x7" />
          <zmp:key name="forceBgColor" type="l" value="0" />
          <zmp:key name="BgColor" type="u" value="0xE5E5E5" />
          <zmp:key name="CAllViewsActive" type="l" value="1" />
          <zmp:key name="CAxesTripodLayer" type="u" value="0x11" />
        </zmp:folder>
      
        <zmp:folder name="View_23400" >
          <zmp:key name="CGridLayer" type="u" value="0x7" />
          <zmp:key name="forceBgColor" type="l" value="0" />
          <zmp:key name="BgColor" type="u" value="0xE5E5E5" />
          <zmp:key name="CAllViewsActive" type="l" value="1" />
          <zmp:key name="CAxesTripodLayer" type="u" value="0x11" />
        </zmp:folder>
      
        <zmp:folder name="View_1d000" >
          <zmp:key name="CGrid3DLayer" type="u" value="0x4" />
          <zmp:key name="forceBgColor" type="l" value="1" />
          <zmp:key name="BgColor" type="u" value="0xE5E5E5" />
          <zmp:key name="CAllViewsActive" type="l" value="1" />
          <zmp:key name="CAxesTripodLayer" type="u" value="0x10" />
        </zmp:folder>
      
        <zmp:folder name="View_2d000" >
          <zmp:key name="CGrid3DLayer" type="u" value="0x4" />
          <zmp:key name="forceBgColor" type="l" value="1" />
          <zmp:key name="BgColor" type="u" value="0xE5E5E5" />
          <zmp:key name="CAllViewsActive" type="l" value="1" />
          <zmp:key name="CAxesTripodLayer" type="u" value="0x10" />
        </zmp:folder>
      
        <zmp:folder name="View_63100" >
          <zmp:key name="CAllViewsActive" type="l" value="1" />
          <zmp:key name="forceBgColor" type="l" value="0" />
          <zmp:key name="BgColor" type="u" value="0xE5E5E5" />
          <zmp:key name="CAxesTripodLayer" type="u" value="0x10" />
        </zmp:folder>
      
        <zmp:folder name="View_23a00" >
          <zmp:key name="CAllViewsActive" type="l" value="1" />
          <zmp:key name="CGridLayer" type="u" value="0x7" />
          <zmp:key name="forceBgColor" type="l" value="0" />
          <zmp:key name="BgColor" type="u" value="0xE5E5E5" />
          <zmp:key name="CAxesTripodLayer" type="u" value="0x11" />
        </zmp:folder>
      
        <zmp:folder name="View_23900" >
          <zmp:key name="CAllViewsActive" type="l" value="0" />
          <zmp:key name="CGridLayer" type="u" value="0x7" />
          <zmp:key name="forceBgColor" type="l" value="0" />
          <zmp:key name="BgColor" type="u" value="0xE5E5E5" />
          <zmp:key name="CAxesTripodLayer" type="u" value="0x11" />
        </zmp:folder>
      
        <zmp:folder name="View_23c00" >
          <zmp:key name="CAllViewsActive" type="l" value="0" />
          <zmp:key name="CGridLayer" type="u" value="0x7" />
          <zmp:key name="forceBgColor" type="l" value="0" />
          <zmp:key name="BgColor" type="u" value="0xE5E5E5" />
          <zmp:key name="CAxesTripodLayer" type="u" value="0x11" />
        </zmp:folder>
      
        <zmp:folder name="View_25000" >
          <zmp:key name="CAllViewsActive" type="l" value="1" />
          <zmp:key name="CAxesTripodLayer" type="u" value="0x11" />
          <zmp:key name="CGrid3DLayer" type="u" value="0x7" />
          <zmp:key name="forceBgColor" type="l" value="0" />
          <zmp:key name="BgColor" type="u" value="0xE2E7E9" />
        </zmp:folder>
      </zmp:folder>
    
      <zmp:folder name="COpenSaveService" >
        <zmp:key name="Options" type="l" value="13" />
        <zmp:key name="AutosaveMode" type="l" value="3" />
        <zmp:key name="AutosaveInterval" type="l" value="4" />
      </zmp:folder>
    
      <zmp:folder name="Configuration" >
        <zmp:folder name="General" >
          <zmp:folder name="Views" >
            <zmp:folder name="Meshes" >
              <zmp:key name="Per-Object wire color" type="l" value="0" />
              <zmp:key name="Normals Length" type="s" value="0.200000" />
              <zmp:key name="Brightness(%)" type="l" value="50" />
            </zmp:folder>
          
            <zmp:folder name="Nodes (common)" >
              <zmp:key name="Axes size (pixels)" type="l" value="50" />
              <zmp:key name="Mini-Axes(%)" type="l" value="50" />
              <zmp:key name="Draw Bound" type="l" value="0" />
              <zmp:key name="Draw Axes on Inactive" type="l" value="0" />
            </zmp:folder>
          
            <zmp:folder name="Splines" >
              <zmp:key name="Maximum Detalization" type="l" value="12" />
              <zmp:key name="Default Detalization" type="l" value="4" />
              <zmp:key name="Use autodetalization" type="l" value="1" />
              <zmp:key name="Autodetalization Precision" type="s" value="0.900000" />
            </zmp:folder>
          
            <zmp:key name="Show Tooltips on Sub-level" type="l" value="0" />
            <zmp:folder name="Tooltips" >
              <zmp:key name="Show on Sub-level" type="l" value="1" />
            </zmp:folder>
          </zmp:folder>
        
          <zmp:folder name="Files" >
            <zmp:folder name=".Z3D Open/Save" >
              <zmp:key name="Autosave Interval (minutes)" type="l" value="10" />
              <zmp:key name="Create multiple backups" type="l" value="1" />
              <zmp:key name="Use Compression" type="l" value="1" />
              <zmp:key name="Autosave Mode" type="l" value="3" />
              <zmp:key name="Drag&amp;Drop files" type="l" value="2" />
            </zmp:folder>
          
            <zmp:folder name="Merge Collisions" >
              <zmp:key name="Materials" type="l" value="0" />
              <zmp:key name="Objects" type="l" value="1" />
            </zmp:folder>
          </zmp:folder>
        
          <zmp:folder name="Rendering" >
            <zmp:key name="Enable Antialiasing" type="l" value="0" />
            <zmp:folder name="Meshes" >
              <zmp:key name="Use Wireframe" type="l" value="0" />
            </zmp:folder>
          </zmp:folder>
        
          <zmp:folder name="Workflow" >
            <zmp:key name="Elements activation" type="l" value="0" />
          </zmp:folder>
        
          <zmp:folder name="Colors" >
            <zmp:key name="Enable colors customization" type="l" value="0" />
          </zmp:folder>
        </zmp:folder>
      </zmp:folder>
    
      <zmp:folder name="Textures" />
      <zmp:folder name="ResizeableDialogs" >
        <zmp:folder name="TexturesBrowser" >
          <zmp:key name="cx" type="l" value="601" />
          <zmp:key name="cy" type="l" value="363" />
          <zmp:key name="x" type="l" value="197" />
          <zmp:key name="y" type="l" value="216" />
        </zmp:folder>
      
        <zmp:folder name="TextureLayerPropertiesEditor" >
          <zmp:key name="cx" type="l" value="370" />
          <zmp:key name="cy" type="l" value="230" />
          <zmp:key name="x" type="l" value="350" />
          <zmp:key name="y" type="l" value="227" />
        </zmp:folder>
      
        <zmp:folder name="ZModelerConfiguration" >
          <zmp:key name="cx" type="l" value="746" />
          <zmp:key name="cy" type="l" value="480" />
          <zmp:key name="x" type="l" value="155" />
          <zmp:key name="y" type="l" value="127" />
        </zmp:folder>
      
        <zmp:folder name="StaticPropertiesDialog" >
          <zmp:key name="cx" type="l" value="333" />
          <zmp:key name="cy" type="l" value="263" />
          <zmp:key name="x" type="l" value="381" />
          <zmp:key name="y" type="l" value="158" />
        </zmp:folder>
      
        <zmp:folder name="MaterialsEditor" >
          <zmp:key name="cx" type="l" value="428" />
          <zmp:key name="cy" type="l" value="614" />
          <zmp:key name="x" type="l" value="259" />
          <zmp:key name="y" type="l" value="54" />
        </zmp:folder>
      
        <zmp:folder name="PropertiesDialog" >
          <zmp:key name="cx" type="l" value="446" />
          <zmp:key name="cy" type="l" value="547" />
          <zmp:key name="x" type="l" value="258" />
          <zmp:key name="y" type="l" value="86" />
        </zmp:folder>
      
        <zmp:folder name="SelectByName" >
          <zmp:key name="cx" type="l" value="305" />
          <zmp:key name="cy" type="l" value="356" />
          <zmp:key name="x" type="l" value="359" />
          <zmp:key name="y" type="l" value="129" />
        </zmp:folder>
      
        <zmp:folder name="DisplayByNameStatus" >
          <zmp:key name="cx" type="l" value="260" />
          <zmp:key name="cy" type="l" value="345" />
          <zmp:key name="x" type="l" value="376" />
          <zmp:key name="y" type="l" value="184" />
        </zmp:folder>
      
        <zmp:folder name="CExactTransformDialog" >
          <zmp:key name="cx" type="l" value="401" />
          <zmp:key name="cy" type="l" value="220" />
          <zmp:key name="x" type="l" value="369" />
          <zmp:key name="y" type="l" value="261" />
        </zmp:folder>
      
        <zmp:folder name="MultyExport" >
          <zmp:key name="cx" type="l" value="437" />
          <zmp:key name="cy" type="l" value="402" />
          <zmp:key name="x" type="l" value="294" />
          <zmp:key name="y" type="l" value="169" />
        </zmp:folder>
      </zmp:folder>
    
      <zmp:folder name="AutoUpdate" >
        <zmp:key name="Period" type="l" value="0" />
        <zmp:key name="NextUpdate" type="s" value="24/7/2007" />
      </zmp:folder>
    
      <zmp:folder name="ImportExportService" >
        <zmp:key name="RecentImportFile_0" type="s" value="C:\Documents and Settings\Bernardo\Desktop\hermes.dff" />
      </zmp:folder>
    </zmp:folder>
  
    <zmp:folder name="Viewports" >
      <zmp:folder name="Layers" >
        <zmp:folder name="Front" >
          <zmp:key name="core::ui::CBackgroundLayer" type="u" value="0x140001" />
          <zmp:key name="core::ui::CAllViewsActive" type="u" value="0x140000" />
          <zmp:key name="Level Switcher" type="u" value="0x130004" />
          <zmp:key name="core::ui::CGridLayer" type="u" value="0x130001" />
          <zmp:key name="core::ui::CBackgroundImageLayer" type="u" value="0x130000" />
          <zmp:key name="core::ui::CSnappingViewportLayer" type="u" value="0x140002" />
          <zmp:key name="core::ui::CPivotHelperViewportLayer" type="u" value="0x130002" />
          <zmp:key name="core::ui::CViewportMouseControlLayer" type="u" value="0x130003" />
          <zmp:key name="core::ui::CStandardLightLayer" type="u" value="0x120000" />
          <zmp:key name="core::ui::CMouseWheelViewportLayer" type="u" value="0x100000" />
          <zmp:key name="Elements Picker" type="u" value="0x110000" />
          <zmp:key name="core::ui::CToolApplyLayer" type="u" value="0x120002" />
          <zmp:key name="core::ui::CSceneRenderLayer" type="u" value="0x120001" />
        </zmp:folder>
      
        <zmp:folder name="Left" />
        <zmp:folder name="Top" >
          <zmp:key name="core::ui::CBackgroundLayer" type="u" value="0x140001" />
          <zmp:key name="core::ui::CAllViewsActive" type="u" value="0x140000" />
          <zmp:key name="core::ui::CPivotHelperViewportLayer" type="u" value="0x120000" />
          <zmp:key name="core::ui::CSnappingViewportLayer" type="u" value="0x140002" />
          <zmp:key name="core::ui::CBackgroundImageLayer" type="u" value="0x130000" />
          <zmp:key name="core::ui::CGridLayer" type="u" value="0x130001" />
          <zmp:key name="Level Switcher" type="u" value="0x130002" />
          <zmp:key name="core::ui::CViewportMouseControlLayer" type="u" value="0x130004" />
          <zmp:key name="core::ui::CStandardLightLayer" type="u" value="0x130003" />
          <zmp:key name="Elements Picker" type="u" value="0x110000" />
          <zmp:key name="core::ui::CToolApplyLayer" type="u" value="0x120002" />
          <zmp:key name="core::ui::CSceneRenderLayer" type="u" value="0x120001" />
          <zmp:key name="core::ui::CMouseWheelViewportLayer" type="u" value="0x100000" />
        </zmp:folder>
      
        <zmp:folder name="Perspective" >
          <zmp:key name="core::ui::CMouseWheelViewportLayer" type="u" value="0x100001" />
          <zmp:key name="core::ui::CGrid3DLayer" type="u" value="0x10002" />
          <zmp:key name="core::ui::CStandardLightLayer" type="u" value="0x120000" />
          <zmp:key name="Level Switcher" type="u" value="0x130002" />
          <zmp:key name="core::ui::CBackgroundImageLayer" type="u" value="0x130000" />
          <zmp:key name="Elements Picker" type="u" value="0x120002" />
          <zmp:key name="core::ui::CViewportMouseControlLayer" type="u" value="0x100000" />
          <zmp:key name="core::ui::CToolApplyLayer" type="u" value="0x110001" />
          <zmp:key name="core::ui::CSceneRenderLayer" type="u" value="0x120001" />
          <zmp:key name="core::ui::CSnappingViewportLayer" type="u" value="0x110000" />
          <zmp:key name="core::ui::CBackgroundLayer" type="u" value="0x140001" />
          <zmp:key name="core::ui::CAllViewsActive" type="u" value="0x140000" />
          <zmp:key name="core::ui::CPivotHelperViewportLayer" type="u" value="0x130001" />
        </zmp:folder>
      
        <zmp:folder name="3D" >
          <zmp:key name="core::ui::CGrid3DLayer" type="u" value="0x10000" />
          <zmp:key name="core::ui::CViewportMouseControlLayer" type="u" value="0x130002" />
          <zmp:key name="core::ui::CMouseWheelViewportLayer" type="u" value="0x100000" />
          <zmp:key name="core::ui::CSceneRenderLayer" type="u" value="0x120001" />
          <zmp:key name="core::ui::CBackgroundLayer" type="u" value="0x140001" />
          <zmp:key name="core::ui::CBackgroundImageLayer" type="u" value="0x130000" />
          <zmp:key name="core::ui::CStandardLightLayer" type="u" value="0x130001" />
          <zmp:key name="core::ui::CAllViewsActive" type="u" value="0x140000" />
          <zmp:key name="core::ui::CPivotHelperViewportLayer" type="u" value="0x120000" />
          <zmp:key name="core::ui::CSnappingViewportLayer" type="u" value="0x40002" />
          <zmp:key name="core::ui::CAxesTripodLayer" type="u" value="0x110001" />
        </zmp:folder>
      
        <zmp:folder name="Bottom" />
        <zmp:folder name="Back" />
        <zmp:folder name="UV Mapper" />
        <zmp:folder name="User" />
        <zmp:folder name="Right" />
      </zmp:folder>
    </zmp:folder>
  
    <zmp:folder name="Tools" >
      <zmp:folder name="UndoTree" >
        <zmp:key name="x" type="l" value="213" />
        <zmp:key name="y" type="l" value="63" />
        <zmp:key name="cx" type="l" value="206" />
        <zmp:key name="cy" type="l" value="338" />
      </zmp:folder>
    </zmp:folder>
  
    <zmp:folder name="Layout" >
      <zmp:folder name="Views" >
        <zmp:folder name="root" >
          <zmp:key name="mode" type="l" value="1" />
          <zmp:key name="width" type="l" value="655" />
          <zmp:key name="height" type="l" value="446" />
          <zmp:folder name="0" >
            <zmp:key name="mode" type="l" value="0" />
            <zmp:key name="width" type="l" value="547" />
            <zmp:key name="height" type="l" value="399" />
            <zmp:key name="status" type="u" value="0x1" />
            <zmp:key name="vport" type="u" value="0x23100" />
            <zmp:folder name="00" >
              <zmp:key name="mode" type="l" value="0" />
              <zmp:key name="width" type="l" value="411" />
              <zmp:key name="height" type="l" value="210" />
              <zmp:key name="status" type="u" value="0x1" />
              <zmp:key name="vport" type="u" value="0x23100" />
            </zmp:folder>
          
            <zmp:folder name="01" >
              <zmp:key name="mode" type="l" value="0" />
              <zmp:key name="width" type="l" value="429" />
              <zmp:key name="height" type="l" value="210" />
              <zmp:key name="status" type="u" value="0x1" />
              <zmp:key name="vport" type="u" value="0x23A00" />
            </zmp:folder>
          
            <zmp:folder name="02" >
              <zmp:key name="mode" type="l" value="0" />
              <zmp:key name="width" type="l" value="411" />
              <zmp:key name="height" type="l" value="294" />
              <zmp:key name="status" type="u" value="0x1" />
              <zmp:key name="vport" type="u" value="0x23400" />
            </zmp:folder>
          
            <zmp:folder name="03" >
              <zmp:key name="mode" type="l" value="0" />
              <zmp:key name="width" type="l" value="429" />
              <zmp:key name="height" type="l" value="294" />
              <zmp:key name="status" type="u" value="0x3" />
              <zmp:key name="vport" type="u" value="0x2D000" />
            </zmp:folder>
          </zmp:folder>
        
          <zmp:folder name="1" >
            <zmp:key name="mode" type="l" value="0" />
            <zmp:key name="width" type="l" value="314" />
            <zmp:key name="height" type="l" value="399" />
            <zmp:key name="status" type="u" value="0x1" />
            <zmp:key name="vport" type="u" value="0x23200" />
            <zmp:folder name="10" >
              <zmp:key name="mode" type="l" value="0" />
              <zmp:key name="width" type="l" value="435" />
              <zmp:key name="height" type="l" value="304" />
              <zmp:key name="status" type="u" value="0x1" />
              <zmp:key name="vport" type="u" value="0x23100" />
            </zmp:folder>
          
            <zmp:folder name="11" >
              <zmp:key name="mode" type="l" value="0" />
              <zmp:key name="width" type="l" value="430" />
              <zmp:key name="height" type="l" value="304" />
              <zmp:key name="status" type="u" value="0x1" />
              <zmp:key name="vport" type="u" value="0x2D000" />
            </zmp:folder>
          </zmp:folder>
        
          <zmp:folder name="2" >
            <zmp:key name="mode" type="l" value="0" />
            <zmp:key name="width" type="l" value="547" />
            <zmp:key name="height" type="l" value="174" />
            <zmp:key name="status" type="u" value="0x1" />
            <zmp:key name="vport" type="u" value="0x23400" />
            <zmp:folder name="20" >
              <zmp:key name="mode" type="l" value="0" />
              <zmp:key name="width" type="l" value="217" />
              <zmp:key name="height" type="l" value="276" />
              <zmp:key name="status" type="u" value="0x1" />
              <zmp:key name="vport" type="u" value="0x23400" />
            </zmp:folder>
          
            <zmp:folder name="21" >
              <zmp:key name="mode" type="l" value="0" />
              <zmp:key name="width" type="l" value="211" />
              <zmp:key name="height" type="l" value="276" />
              <zmp:key name="status" type="u" value="0x1" />
              <zmp:key name="vport" type="u" value="0x23400" />
            </zmp:folder>
          </zmp:folder>
        
          <zmp:folder name="3" >
            <zmp:key name="mode" type="l" value="0" />
            <zmp:key name="width" type="l" value="314" />
            <zmp:key name="height" type="l" value="174" />
            <zmp:key name="status" type="u" value="0x3" />
            <zmp:key name="vport" type="u" value="0x1D000" />
          </zmp:folder>
        </zmp:folder>
      </zmp:folder>
    
      <zmp:folder name="ControlBars@1024" >
        <zmp:key name="Main ToolBar" type="s" value="v:1 f:0 d:e81b r:[283 x 26]@[-2 x 46]" />
        <zmp:key name="Commands Bar" type="s" value="v:1 f:0 d:e81d r:[156 x 371]@[870 x 70]" />
        <zmp:key name="Messaging Bar" type="s" value="v:1 f:0 d:e81e r:[876 x 68]@[-2 x 652]" />
        <zmp:key name="Axes Mode" type="s" value="v:1 f:0 d:e81b r:[150 x 26]@[448 x 46]" />
        <zmp:key name="Primitives" type="s" value="v:1 f:0 d:e81b r:[47 x 26]@[279 x 46]" />
        <zmp:key name="Editing Levels" type="s" value="v:1 f:0 d:e81b r:[126 x 26]@[324 x 46]" />
        <zmp:key name="Scene nodes browser" type="s" value="v:1 f:0 d:e81d r:[156 x 281]@[870 x 439]" />
        <zmp:key name="Snapping" type="s" value="v:1 f:0 d:e81b r:[103 x 26]@[596 x 46]" />
        <zmp:key name="User Selection" type="s" value="v:0 f:1 m:1 d:e81f r:[29 x 34]@[428 x 141] mr:[790, 42]" />
        <zmp:key name="Skeleton" type="s" value="v:1 f:0 d:e81b r:[116 x 26]@[697 x 46]" />
        <zmp:folder name="Main ToolBar_customize" >
          <zmp:key name="Button_0" type="s" value="File Import" />
          <zmp:key name="Button_1" type="s" value="File Export" />
          <zmp:key name="Button_2" type="s" value="--separator--" />
          <zmp:key name="Button_3" type="s" value="Undo" />
          <zmp:key name="Button_4" type="s" value="Undo Browser" />
          <zmp:key name="Button_5" type="s" value="Redo" />
          <zmp:key name="Button_6" type="s" value="--separator--" />
          <zmp:key name="Button_7" type="s" value="Materials Editor" />
          <zmp:key name="Button_8" type="s" value="New scene" />
          <zmp:key name="Button_9" type="s" value="Open file" />
          <zmp:key name="Button_10" type="s" value="Save scene" />
          <zmp:key name="Button_11" type="s" value="Exit" />
          <zmp:key name="Button_12" type="s" value="Textures Browser" />
          <zmp:key name="[visibility]" type="s" value="1111111111110" />
        </zmp:folder>
      
        <zmp:folder name="Snapping_customize" >
          <zmp:key name="Button_0" type="s" value="Enable snapping" />
          <zmp:key name="Button_1" type="s" value="Toggle snap to edges" />
          <zmp:key name="Button_2" type="s" value="Toggle snap to vertices" />
          <zmp:key name="Button_3" type="s" value="Toggle snap to grid" />
          <zmp:key name="[visibility]" type="s" value="1111" />
        </zmp:folder>
      
        <zmp:folder name="Axes Mode_customize" >
          <zmp:key name="Button_0" type="s" value="Axes Mode Selector" />
          <zmp:key name="Button_1" type="s" value="X Axis Mode" />
          <zmp:key name="Button_2" type="s" value="Y Axis Mode" />
          <zmp:key name="Button_3" type="s" value="Z Axis Mode" />
          <zmp:key name="[visibility]" type="s" value="1111" />
        </zmp:folder>
      
        <zmp:folder name="Primitives_customize" >
          <zmp:key name="Button_0" type="s" value="Primitives" />
          <zmp:key name="[visibility]" type="s" value="1" />
        </zmp:folder>
      
        <zmp:folder name="Editing Levels_customize" >
          <zmp:key name="Button_0" type="s" value="Manipulator" />
          <zmp:key name="Button_1" type="s" value="Vertex" />
          <zmp:key name="Button_2" type="s" value="Edge" />
          <zmp:key name="Button_3" type="s" value="Polygon" />
          <zmp:key name="Button_4" type="s" value="Object" />
          <zmp:key name="[visibility]" type="s" value="11111" />
        </zmp:folder>
      
        <zmp:folder name="Skeleton_customize" >
          <zmp:key name="Button_0" type="s" value="Next skeleton bone" />
          <zmp:key name="Button_1" type="s" value="Previouse skeleton bone" />
          <zmp:key name="Button_2" type="s" value="Switch skin-positioning mode on:off" />
          <zmp:key name="Button_3" type="s" value="Skeleton" />
          <zmp:key name="[visibility]" type="s" value="1111" />
        </zmp:folder>
      </zmp:folder>
    
      <zmp:folder name="ControlBars@1280" >
        <zmp:key name="Main ToolBar" type="s" value="v:1 f:0 d:e81b r:[294 x 26]@[-2 x 38]" />
        <zmp:key name="Commands Bar" type="s" value="v:1 f:0 d:e81d r:[190 x 494]@[1092 x 62]" />
        <zmp:key name="Messaging Bar" type="s" value="v:1 f:0 d:e81e r:[1098 x 86]@[-2 x 892]" />
        <zmp:key name="Axes Mode" type="s" value="v:1 f:0 d:e81b r:[150 x 26]@[461 x 38]" />
        <zmp:key name="Primitives" type="s" value="v:1 f:0 d:e81b r:[49 x 26]@[290 x 38]" />
        <zmp:key name="Editing Levels" type="s" value="v:1 f:0 d:e81b r:[126 x 26]@[337 x 38]" />
        <zmp:key name="Scene nodes browser" type="s" value="v:1 f:0 d:e81d r:[190 x 424]@[1092 x 554]" />
        <zmp:key name="Snapping" type="s" value="v:1 f:0 d:e81b r:[103 x 26]@[609 x 38]" />
        <zmp:key name="User Selection" type="s" value="v:0 f:1 m:0 d:e81f r:[27 x 27]@[100 x 100] mr:[0, 0]" />
        <zmp:key name="Skeleton" type="s" value="v:1 f:0 d:e81b r:[118 x 26]@[710 x 38]" />
        <zmp:folder name="Main ToolBar_customize" >
          <zmp:key name="Button_0" type="s" value="New scene" />
          <zmp:key name="Button_1" type="s" value="Open file" />
          <zmp:key name="Button_2" type="s" value="Save scene" />
          <zmp:key name="Button_3" type="s" value="Exit" />
          <zmp:key name="Button_4" type="s" value="File Import" />
          <zmp:key name="Button_5" type="s" value="File Export" />
          <zmp:key name="Button_6" type="s" value="Materials Editor" />
          <zmp:key name="Button_7" type="s" value="Textures Browser" />
          <zmp:key name="Button_8" type="s" value="Undo" />
          <zmp:key name="Button_9" type="s" value="Undo Browser" />
          <zmp:key name="Button_10" type="s" value="Redo" />
          <zmp:key name="[visibility]" type="s" value="11111111111" />
        </zmp:folder>
      
        <zmp:folder name="Snapping_customize" >
          <zmp:key name="Button_0" type="s" value="Enable snapping" />
          <zmp:key name="Button_1" type="s" value="Toggle snap to edges" />
          <zmp:key name="Button_2" type="s" value="Toggle snap to vertices" />
          <zmp:key name="Button_3" type="s" value="Toggle snap to grid" />
          <zmp:key name="[visibility]" type="s" value="1111" />
        </zmp:folder>
      
        <zmp:folder name="Axes Mode_customize" >
          <zmp:key name="Button_0" type="s" value="Axes Mode Selector" />
          <zmp:key name="Button_1" type="s" value="X Axis Mode" />
          <zmp:key name="Button_2" type="s" value="Y Axis Mode" />
          <zmp:key name="Button_3" type="s" value="Z Axis Mode" />
          <zmp:key name="[visibility]" type="s" value="1111" />
        </zmp:folder>
      
        <zmp:folder name="Primitives_customize" >
          <zmp:key name="Button_0" type="s" value="Primitives" />
          <zmp:key name="[visibility]" type="s" value="1" />
        </zmp:folder>
      
        <zmp:folder name="Editing Levels_customize" >
          <zmp:key name="Button_0" type="s" value="Manipulator" />
          <zmp:key name="Button_1" type="s" value="Vertex" />
          <zmp:key name="Button_2" type="s" value="Edge" />
          <zmp:key name="Button_3" type="s" value="Polygon" />
          <zmp:key name="Button_4" type="s" value="Object" />
          <zmp:key name="[visibility]" type="s" value="11111" />
        </zmp:folder>
      
        <zmp:folder name="Skeleton_customize" >
          <zmp:key name="Button_0" type="s" value="Next skeleton bone" />
          <zmp:key name="Button_1" type="s" value="Previouse skeleton bone" />
          <zmp:key name="Button_2" type="s" value="Switch skin-positioning mode on:off" />
          <zmp:key name="Button_3" type="s" value="Skeleton" />
          <zmp:key name="[visibility]" type="s" value="1111" />
        </zmp:folder>
      
        <zmp:folder name="_customize" >
          <zmp:key name="Button_0" type="s" value="Next skeleton bone" />
          <zmp:key name="Button_1" type="s" value="Previouse skeleton bone" />
          <zmp:key name="Button_2" type="s" value="Switch skin-positioning mode on:off" />
          <zmp:key name="Button_3" type="s" value="Skeleton" />
          <zmp:key name="[visibility]" type="s" value="1111" />
        </zmp:folder>
      </zmp:folder>
    </zmp:folder>
  
    <zmp:folder name="Preference" >
      <zmp:folder name="Tree" >
        <zmp:folder name="Scene nodes browser_03E8" >
          <zmp:folder name="Column_0" >
            <zmp:key name="title" type="s" value="" />
            <zmp:key name="width" type="l" value="114" />
          </zmp:folder>
        </zmp:folder>
      
        <zmp:folder name="Materials Editor_03E9" >
          <zmp:folder name="Column_0" >
            <zmp:key name="title" type="s" value="" />
            <zmp:key name="width" type="l" value="1" />
          </zmp:folder>
        </zmp:folder>
      
        <zmp:folder name="Selection Properties_03E9" >
          <zmp:folder name="Column_0" >
            <zmp:key name="title" type="s" value="Property" />
            <zmp:key name="width" type="l" value="199" />
          </zmp:folder>
        
          <zmp:folder name="Column_1" >
            <zmp:key name="title" type="s" value="Value" />
            <zmp:key name="width" type="l" value="200" />
          </zmp:folder>
        </zmp:folder>
      
        <zmp:folder name="Configuration_0067" >
          <zmp:folder name="Column_0" >
            <zmp:key name="title" type="s" value="Key Location" />
            <zmp:key name="width" type="l" value="260" />
          </zmp:folder>
        
          <zmp:folder name="Column_1" >
            <zmp:key name="title" type="s" value="Value" />
            <zmp:key name="width" type="l" value="165" />
          </zmp:folder>
        </zmp:folder>
      
        <zmp:folder name="Configuration_03EA" >
          <zmp:folder name="Column_0" >
            <zmp:key name="title" type="s" value="Layer" />
            <zmp:key name="width" type="l" value="200" />
          </zmp:folder>
        
          <zmp:folder name="Column_1" >
            <zmp:key name="title" type="s" value="Description" />
            <zmp:key name="width" type="l" value="200" />
          </zmp:folder>
        </zmp:folder>
      
        <zmp:folder name="Configuration_03ED" >
          <zmp:folder name="Column_0" >
            <zmp:key name="title" type="s" value="" />
            <zmp:key name="width" type="l" value="1" />
          </zmp:folder>
        </zmp:folder>
      
        <zmp:folder name="Textures Browser_03E9" >
          <zmp:folder name="Column_0" >
            <zmp:key name="title" type="s" value="Texture" />
            <zmp:key name="width" type="l" value="150" />
          </zmp:folder>
        
          <zmp:folder name="Column_1" >
            <zmp:key name="title" type="s" value="Size" />
            <zmp:key name="width" type="l" value="80" />
          </zmp:folder>
        
          <zmp:folder name="Column_2" >
            <zmp:key name="title" type="s" value="Format" />
            <zmp:key name="width" type="l" value="80" />
          </zmp:folder>
        </zmp:folder>
      
        <zmp:folder name="Configuration_03F2" >
          <zmp:folder name="Column_0" >
            <zmp:key name="title" type="s" value="Property" />
            <zmp:key name="width" type="l" value="217" />
          </zmp:folder>
        
          <zmp:folder name="Column_1" >
            <zmp:key name="title" type="s" value="Value" />
            <zmp:key name="width" type="l" value="183" />
          </zmp:folder>
        </zmp:folder>
      
        <zmp:folder name="About_03F2" >
          <zmp:folder name="Column_0" >
            <zmp:key name="title" type="s" value="Property" />
            <zmp:key name="width" type="l" value="217" />
          </zmp:folder>
        
          <zmp:folder name="Column_1" >
            <zmp:key name="title" type="s" value="Value" />
            <zmp:key name="width" type="l" value="183" />
          </zmp:folder>
        </zmp:folder>
      
        <zmp:folder name="About_0067" >
          <zmp:folder name="Column_0" >
            <zmp:key name="title" type="s" value="Key Location" />
            <zmp:key name="width" type="l" value="260" />
          </zmp:folder>
        
          <zmp:folder name="Column_1" >
            <zmp:key name="title" type="s" value="Value" />
            <zmp:key name="width" type="l" value="165" />
          </zmp:folder>
        </zmp:folder>
      
        <zmp:folder name="About_03EA" >
          <zmp:folder name="Column_0" >
            <zmp:key name="title" type="s" value="Layer" />
            <zmp:key name="width" type="l" value="200" />
          </zmp:folder>
        
          <zmp:folder name="Column_1" >
            <zmp:key name="title" type="s" value="Description" />
            <zmp:key name="width" type="l" value="200" />
          </zmp:folder>
        </zmp:folder>
      
        <zmp:folder name="About_03ED" >
          <zmp:folder name="Column_0" >
            <zmp:key name="title" type="s" value="" />
            <zmp:key name="width" type="l" value="1" />
          </zmp:folder>
        </zmp:folder>
      
        <zmp:folder name="Device_03F2" >
          <zmp:folder name="Column_0" >
            <zmp:key name="title" type="s" value="Property" />
            <zmp:key name="width" type="l" value="217" />
          </zmp:folder>
        
          <zmp:folder name="Column_1" >
            <zmp:key name="title" type="s" value="Value" />
            <zmp:key name="width" type="l" value="183" />
          </zmp:folder>
        </zmp:folder>
      
        <zmp:folder name="Device_0067" >
          <zmp:folder name="Column_0" >
            <zmp:key name="title" type="s" value="Key Location" />
            <zmp:key name="width" type="l" value="300" />
          </zmp:folder>
        
          <zmp:folder name="Column_1" >
            <zmp:key name="title" type="s" value="Value" />
            <zmp:key name="width" type="l" value="150" />
          </zmp:folder>
        </zmp:folder>
      
        <zmp:folder name="Device_03EA" >
          <zmp:folder name="Column_0" >
            <zmp:key name="title" type="s" value="Layer" />
            <zmp:key name="width" type="l" value="200" />
          </zmp:folder>
        
          <zmp:folder name="Column_1" >
            <zmp:key name="title" type="s" value="Description" />
            <zmp:key name="width" type="l" value="200" />
          </zmp:folder>
        </zmp:folder>
      
        <zmp:folder name="Device_03ED" >
          <zmp:folder name="Column_0" >
            <zmp:key name="title" type="s" value="" />
            <zmp:key name="width" type="l" value="1" />
          </zmp:folder>
        </zmp:folder>
      
        <zmp:folder name="ZModelerMainWindow_03F2" >
          <zmp:folder name="Column_0" >
            <zmp:key name="title" type="s" value="Property" />
            <zmp:key name="width" type="l" value="217" />
          </zmp:folder>
        
          <zmp:folder name="Column_1" >
            <zmp:key name="title" type="s" value="Value" />
            <zmp:key name="width" type="l" value="183" />
          </zmp:folder>
        </zmp:folder>
      
        <zmp:folder name="ZModelerMainWindow_0067" >
          <zmp:folder name="Column_0" >
            <zmp:key name="title" type="s" value="Key Location" />
            <zmp:key name="width" type="l" value="260" />
          </zmp:folder>
        
          <zmp:folder name="Column_1" >
            <zmp:key name="title" type="s" value="Value" />
            <zmp:key name="width" type="l" value="165" />
          </zmp:folder>
        </zmp:folder>
      
        <zmp:folder name="ZModelerMainWindow_03EA" >
          <zmp:folder name="Column_0" >
            <zmp:key name="title" type="s" value="Layer" />
            <zmp:key name="width" type="l" value="200" />
          </zmp:folder>
        
          <zmp:folder name="Column_1" >
            <zmp:key name="title" type="s" value="Description" />
            <zmp:key name="width" type="l" value="200" />
          </zmp:folder>
        </zmp:folder>
      
        <zmp:folder name="ZModelerMainWindow_03ED" >
          <zmp:folder name="Column_0" >
            <zmp:key name="title" type="s" value="" />
            <zmp:key name="width" type="l" value="210" />
          </zmp:folder>
        </zmp:folder>
      </zmp:folder>
    
      <zmp:folder name="MultyDialogDisplayService" >
        <zmp:folder name="Materials Editor_03EA" >
          <zmp:folder name="Basic Parameters" >
            <zmp:key name="show" type="l" value="1" />
          </zmp:folder>
        
          <zmp:folder name="Alpha Parameters" >
            <zmp:key name="show" type="l" value="0" />
          </zmp:folder>
        
          <zmp:folder name="Extensions" >
            <zmp:key name="show" type="l" value="0" />
          </zmp:folder>
        
          <zmp:folder name="Texture Layers" >
            <zmp:key name="show" type="l" value="1" />
          </zmp:folder>
        </zmp:folder>
      
        <zmp:folder name="Configuration_03EB" >
          <zmp:folder name="Properties" >
            <zmp:key name="show" type="l" value="1" />
          </zmp:folder>
        </zmp:folder>
      
        <zmp:folder name="Save As_046A" >
          <zmp:folder name="PSM Filter Parameters" >
            <zmp:key name="show" type="l" value="1" />
          </zmp:folder>
        </zmp:folder>
      
        <zmp:folder name="Open_046A" >
          <zmp:folder name="PSM Filter Parameters" >
            <zmp:key name="show" type="l" value="1" />
          </zmp:folder>
        </zmp:folder>
      
        <zmp:folder name="Import_046A" >
          <zmp:folder name="XPand Rally 3DA Parameters" >
            <zmp:key name="show" type="l" value="1" />
          </zmp:folder>
        
          <zmp:folder name="Flat Out .bgm Parameters" >
            <zmp:key name="show" type="l" value="1" />
          </zmp:folder>
        
          <zmp:folder name="Richard Burns Rally .sgc Parameters" >
            <zmp:key name="show" type="l" value="1" />
          </zmp:folder>
        
          <zmp:folder name="PSM Filter Parameters" >
            <zmp:key name="show" type="l" value="1" />
          </zmp:folder>
        
          <zmp:folder name="MotoGranPri2 .bgm Parameters" >
            <zmp:key name="show" type="l" value="1" />
          </zmp:folder>
        
          <zmp:folder name="GTA San Andreas .DFF Parameters" >
            <zmp:key name="show" type="l" value="1" />
          </zmp:folder>
        
          <zmp:folder name="rFactor .GMT Parameters" >
            <zmp:key name="show" type="l" value="1" />
          </zmp:folder>
        
          <zmp:folder name="3DS" >
            <zmp:key name="show" type="l" value="1" />
          </zmp:folder>
        
          <zmp:folder name="ISI gMotor .GMT Parameters" >
            <zmp:key name="show" type="l" value="1" />
          </zmp:folder>
        
          <zmp:folder name="RaceDriver .P3D Parameters" >
            <zmp:key name="show" type="l" value="1" />
          </zmp:folder>
        </zmp:folder>
      
        <zmp:folder name="Export_046A" >
          <zmp:folder name="PSM Filter Parameters" >
            <zmp:key name="show" type="l" value="0" />
          </zmp:folder>
        
          <zmp:folder name="XPand Rally 3DA Parameters" >
            <zmp:key name="show" type="l" value="0" />
          </zmp:folder>
        
          <zmp:folder name="Flat Out .bgm Parameters" >
            <zmp:key name="show" type="l" value="0" />
          </zmp:folder>
        
          <zmp:folder name="Richard Burns Rally .sgc Parameters" >
            <zmp:key name="show" type="l" value="1" />
          </zmp:folder>
        
          <zmp:folder name="MotoGranPri2 .bgm Parameters" >
            <zmp:key name="show" type="l" value="1" />
          </zmp:folder>
        
          <zmp:folder name="GTA San Andreas .DFF Parameters" >
            <zmp:key name="show" type="l" value="1" />
          </zmp:folder>
        
          <zmp:folder name="rFactor .GMT Parameters" >
            <zmp:key name="show" type="l" value="0" />
          </zmp:folder>
        
          <zmp:folder name="ISI gMotor .GMT Parameters" >
            <zmp:key name="show" type="l" value="1" />
          </zmp:folder>
        </zmp:folder>
      
        <zmp:folder name="About_03EB" >
          <zmp:folder name="Properties" >
            <zmp:key name="show" type="l" value="1" />
          </zmp:folder>
        </zmp:folder>
      
        <zmp:folder name="Device_03EB" >
          <zmp:folder name="Properties" >
            <zmp:key name="show" type="l" value="1" />
          </zmp:folder>
        </zmp:folder>
      
        <zmp:folder name="ZModelerMainWindow_03EB" >
          <zmp:folder name="Properties" >
            <zmp:key name="show" type="l" value="1" />
          </zmp:folder>
        </zmp:folder>
      </zmp:folder>
    
      <zmp:folder name="List" >
        <zmp:folder name="Materials Editor_03FA" >
          <zmp:folder name="Column_0" >
            <zmp:key name="title" type="s" value="" />
            <zmp:key name="width" type="l" value="200" />
          </zmp:folder>
        </zmp:folder>
      
        <zmp:folder name="Configuration_0065" >
          <zmp:folder name="Column_0" >
            <zmp:key name="title" type="s" value="Location" />
            <zmp:key name="width" type="l" value="216" />
            <zmp:key name="sort" type="l" value="1" />
          </zmp:folder>
        
          <zmp:folder name="Column_1" >
            <zmp:key name="title" type="s" value="Combination" />
            <zmp:key name="width" type="l" value="100" />
          </zmp:folder>
        </zmp:folder>
      
        <zmp:folder name="Textures Browser_03E8" >
          <zmp:folder name="Column_0" >
            <zmp:key name="title" type="s" value="Texture" />
            <zmp:key name="width" type="l" value="130" />
          </zmp:folder>
        
          <zmp:folder name="Column_1" >
            <zmp:key name="title" type="s" value="Size" />
            <zmp:key name="width" type="l" value="80" />
            <zmp:key name="sort" type="l" value="-1" />
          </zmp:folder>
        
          <zmp:folder name="Column_2" >
            <zmp:key name="title" type="s" value="Format" />
            <zmp:key name="width" type="l" value="0" />
          </zmp:folder>
        </zmp:folder>
      
        <zmp:folder name="Attach Multiple Nodes:_03F1" >
          <zmp:folder name="Column_0" >
            <zmp:key name="title" type="s" value="" />
            <zmp:key name="width" type="l" value="288" />
          </zmp:folder>
        </zmp:folder>
      
        <zmp:folder name="ZModelerMainWindow_03F1" >
          <zmp:folder name="Column_0" >
            <zmp:key name="title" type="s" value="" />
            <zmp:key name="width" type="l" value="216" />
          </zmp:folder>
        </zmp:folder>
      
        <zmp:folder name="Modify Status of nodes:_FFFFFFFF" >
          <zmp:folder name="Column_0" >
            <zmp:key name="title" type="s" value="" />
            <zmp:key name="width" type="l" value="243" />
          </zmp:folder>
        </zmp:folder>
      
        <zmp:folder name="Commands Bar_FFFFFFFF" >
          <zmp:folder name="Column_0" >
            <zmp:key name="title" type="s" value="" />
            <zmp:key name="width" type="l" value="111" />
          </zmp:folder>
        </zmp:folder>
      
        <zmp:folder name="Select by name:_03F1" >
          <zmp:folder name="Column_0" >
            <zmp:key name="title" type="s" value="" />
            <zmp:key name="width" type="l" value="176" />
          </zmp:folder>
        </zmp:folder>
      
        <zmp:folder name="Configuration_03E8" >
          <zmp:folder name="Column_0" >
            <zmp:key name="title" type="s" value="Path" />
            <zmp:key name="width" type="l" value="303" />
          </zmp:folder>
        
          <zmp:folder name="Column_1" >
            <zmp:key name="title" type="s" value="Always Use" />
            <zmp:key name="width" type="l" value="100" />
            <zmp:key name="sort" type="l" value="1" />
          </zmp:folder>
        </zmp:folder>
      
        <zmp:folder name="Selection Properties_03F6" >
          <zmp:folder name="Column_0" >
            <zmp:key name="title" type="s" value="Name" />
            <zmp:key name="width" type="l" value="140" />
          </zmp:folder>
        
          <zmp:folder name="Column_1" >
            <zmp:key name="title" type="s" value="Value" />
            <zmp:key name="width" type="l" value="150" />
            <zmp:key name="sort" type="l" value="1" />
          </zmp:folder>
        </zmp:folder>
      
        <zmp:folder name="Select by material_03F1" >
          <zmp:folder name="Column_0" >
            <zmp:key name="title" type="s" value="" />
            <zmp:key name="width" type="l" value="321" />
          </zmp:folder>
        </zmp:folder>
      
        <zmp:folder name="Configuration_0067" >
          <zmp:folder name="Column_0" >
            <zmp:key name="title" type="s" value="Module Name" />
            <zmp:key name="width" type="l" value="217" />
            <zmp:key name="sort" type="l" value="-1" />
          </zmp:folder>
        
          <zmp:folder name="Column_1" >
            <zmp:key name="title" type="s" value="Located In" />
            <zmp:key name="width" type="l" value="89" />
          </zmp:folder>
        
          <zmp:folder name="Column_2" >
            <zmp:key name="title" type="s" value="Version" />
            <zmp:key name="width" type="l" value="100" />
          </zmp:folder>
        </zmp:folder>
      
        <zmp:folder name="Open_0067" >
          <zmp:folder name="Column_0" >
            <zmp:key name="title" type="s" value="Name" />
            <zmp:key name="width" type="l" value="100" />
          </zmp:folder>
        
          <zmp:folder name="Column_1" >
            <zmp:key name="title" type="s" value="Value" />
            <zmp:key name="width" type="l" value="150" />
          </zmp:folder>
        </zmp:folder>
      
        <zmp:folder name="Save As_0067" >
          <zmp:folder name="Column_0" >
            <zmp:key name="title" type="s" value="Name" />
            <zmp:key name="width" type="l" value="155" />
          </zmp:folder>
        
          <zmp:folder name="Column_1" >
            <zmp:key name="title" type="s" value="Value" />
            <zmp:key name="width" type="l" value="209" />
          </zmp:folder>
        </zmp:folder>
      
        <zmp:folder name="Add per-file information_0067" >
          <zmp:folder name="Column_0" >
            <zmp:key name="title" type="s" value="" />
            <zmp:key name="width" type="l" value="118" />
          </zmp:folder>
        </zmp:folder>
      
        <zmp:folder name="User Selection_03F1" >
          <zmp:folder name="Column_0" >
            <zmp:key name="title" type="s" value="" />
            <zmp:key name="width" type="l" value="31" />
          </zmp:folder>
        </zmp:folder>
      
        <zmp:folder name="Primitive options_03F6" >
          <zmp:folder name="Column_0" >
            <zmp:key name="title" type="s" value="Name" />
            <zmp:key name="width" type="l" value="100" />
          </zmp:folder>
        
          <zmp:folder name="Column_1" >
            <zmp:key name="title" type="s" value="Value" />
            <zmp:key name="width" type="l" value="150" />
          </zmp:folder>
        </zmp:folder>
      
        <zmp:folder name="Save_0067" >
          <zmp:folder name="Column_0" >
            <zmp:key name="title" type="s" value="Name" />
            <zmp:key name="width" type="l" value="100" />
          </zmp:folder>
        
          <zmp:folder name="Column_1" >
            <zmp:key name="title" type="s" value="Value" />
            <zmp:key name="width" type="l" value="150" />
          </zmp:folder>
        </zmp:folder>
      
        <zmp:folder name="Select by name:_0067" >
          <zmp:folder name="Column_0" >
            <zmp:key name="title" type="s" value="" />
            <zmp:key name="width" type="l" value="160" />
          </zmp:folder>
        </zmp:folder>
      
        <zmp:folder name="Merge..._0067" >
          <zmp:folder name="Column_0" >
            <zmp:key name="title" type="s" value="" />
            <zmp:key name="width" type="l" value="178" />
          </zmp:folder>
        </zmp:folder>
      
        <zmp:folder name="Merge_0067" >
          <zmp:folder name="Column_0" >
            <zmp:key name="title" type="s" value="Name" />
            <zmp:key name="width" type="l" value="100" />
          </zmp:folder>
        
          <zmp:folder name="Column_1" >
            <zmp:key name="title" type="s" value="Value" />
            <zmp:key name="width" type="l" value="150" />
          </zmp:folder>
        </zmp:folder>
      
        <zmp:folder name="About_0065" >
          <zmp:folder name="Column_0" >
            <zmp:key name="title" type="s" value="Location" />
            <zmp:key name="width" type="l" value="216" />
            <zmp:key name="sort" type="l" value="1" />
          </zmp:folder>
        
          <zmp:folder name="Column_1" >
            <zmp:key name="title" type="s" value="Combination" />
            <zmp:key name="width" type="l" value="100" />
          </zmp:folder>
        </zmp:folder>
      
        <zmp:folder name="About_0067" >
          <zmp:folder name="Column_0" >
            <zmp:key name="title" type="s" value="Module Name" />
            <zmp:key name="width" type="l" value="217" />
            <zmp:key name="sort" type="l" value="-1" />
          </zmp:folder>
        
          <zmp:folder name="Column_1" >
            <zmp:key name="title" type="s" value="Located In" />
            <zmp:key name="width" type="l" value="89" />
          </zmp:folder>
        
          <zmp:folder name="Column_2" >
            <zmp:key name="title" type="s" value="Version" />
            <zmp:key name="width" type="l" value="100" />
          </zmp:folder>
        </zmp:folder>
      
        <zmp:folder name="About_03E8" >
          <zmp:folder name="Column_0" >
            <zmp:key name="title" type="s" value="Path" />
            <zmp:key name="width" type="l" value="303" />
          </zmp:folder>
        
          <zmp:folder name="Column_1" >
            <zmp:key name="title" type="s" value="Always Use" />
            <zmp:key name="width" type="l" value="100" />
            <zmp:key name="sort" type="l" value="1" />
          </zmp:folder>
        </zmp:folder>
      
        <zmp:folder name="Device_0065" >
          <zmp:folder name="Column_0" >
            <zmp:key name="title" type="s" value="Location" />
            <zmp:key name="width" type="l" value="216" />
          </zmp:folder>
        
          <zmp:folder name="Column_1" >
            <zmp:key name="title" type="s" value="Combination" />
            <zmp:key name="width" type="l" value="100" />
          </zmp:folder>
        </zmp:folder>
      
        <zmp:folder name="Device_0067" >
          <zmp:folder name="Column_0" >
            <zmp:key name="title" type="s" value="Module Name" />
            <zmp:key name="width" type="l" value="200" />
          </zmp:folder>
        
          <zmp:folder name="Column_1" >
            <zmp:key name="title" type="s" value="Located In" />
            <zmp:key name="width" type="l" value="100" />
          </zmp:folder>
        
          <zmp:folder name="Column_2" >
            <zmp:key name="title" type="s" value="Version" />
            <zmp:key name="width" type="l" value="100" />
          </zmp:folder>
        </zmp:folder>
      
        <zmp:folder name="Device_03E8" >
          <zmp:folder name="Column_0" >
            <zmp:key name="title" type="s" value="Path" />
            <zmp:key name="width" type="l" value="303" />
          </zmp:folder>
        
          <zmp:folder name="Column_1" >
            <zmp:key name="title" type="s" value="Always Use" />
            <zmp:key name="width" type="l" value="100" />
          </zmp:folder>
        </zmp:folder>
      
        <zmp:folder name="Import_03ED" >
          <zmp:folder name="Column_0" >
            <zmp:key name="title" type="s" value="Option" />
            <zmp:key name="width" type="l" value="200" />
          </zmp:folder>
        
          <zmp:folder name="Column_1" >
            <zmp:key name="title" type="s" value="Value" />
            <zmp:key name="width" type="l" value="40" />
          </zmp:folder>
        </zmp:folder>
      
        <zmp:folder name="Multiple files export_03ED" >
          <zmp:folder name="Column_0" >
            <zmp:key name="title" type="s" value="Option" />
            <zmp:key name="width" type="l" value="200" />
          </zmp:folder>
        
          <zmp:folder name="Column_1" >
            <zmp:key name="title" type="s" value="Value" />
            <zmp:key name="width" type="l" value="40" />
          </zmp:folder>
        </zmp:folder>
      
        <zmp:folder name="Multiple files export_0067" >
          <zmp:folder name="Column_0" >
            <zmp:key name="title" type="s" value="Node" />
            <zmp:key name="width" type="l" value="80" />
          </zmp:folder>
        
          <zmp:folder name="Column_1" >
            <zmp:key name="title" type="s" value="Target File" />
            <zmp:key name="width" type="l" value="120" />
          </zmp:folder>
        </zmp:folder>
      
        <zmp:folder name="Export_03ED" >
          <zmp:folder name="Column_0" >
            <zmp:key name="title" type="s" value="Option" />
            <zmp:key name="width" type="l" value="200" />
          </zmp:folder>
        
          <zmp:folder name="Column_1" >
            <zmp:key name="title" type="s" value="Value" />
            <zmp:key name="width" type="l" value="40" />
          </zmp:folder>
        </zmp:folder>
      
        <zmp:folder name="ZModelerMainWindow_0065" >
          <zmp:folder name="Column_0" >
            <zmp:key name="title" type="s" value="Location" />
            <zmp:key name="width" type="l" value="216" />
            <zmp:key name="sort" type="l" value="1" />
          </zmp:folder>
        
          <zmp:folder name="Column_1" >
            <zmp:key name="title" type="s" value="Combination" />
            <zmp:key name="width" type="l" value="100" />
          </zmp:folder>
        </zmp:folder>
      
        <zmp:folder name="ZModelerMainWindow_0067" >
          <zmp:folder name="Column_0" >
            <zmp:key name="title" type="s" value="Module Name" />
            <zmp:key name="width" type="l" value="217" />
            <zmp:key name="sort" type="l" value="-1" />
          </zmp:folder>
        
          <zmp:folder name="Column_1" >
            <zmp:key name="title" type="s" value="Located In" />
            <zmp:key name="width" type="l" value="89" />
          </zmp:folder>
        
          <zmp:folder name="Column_2" >
            <zmp:key name="title" type="s" value="Version" />
            <zmp:key name="width" type="l" value="100" />
          </zmp:folder>
        </zmp:folder>
      
        <zmp:folder name="ZModelerMainWindow_03E8" >
          <zmp:folder name="Column_0" >
            <zmp:key name="title" type="s" value="Path" />
            <zmp:key name="width" type="l" value="303" />
          </zmp:folder>
        
          <zmp:folder name="Column_1" >
            <zmp:key name="title" type="s" value="Always Use" />
            <zmp:key name="width" type="l" value="100" />
            <zmp:key name="sort" type="l" value="1" />
          </zmp:folder>
        </zmp:folder>
      </zmp:folder>
    
      <zmp:folder name="Materials Editor" >
        <zmp:folder name="Layers Editor" >
          <zmp:key name="Mode" type="l" value="0" />
        </zmp:folder>
      
        <zmp:folder name="Alpha Presets" >
          <zmp:key name="Standard Alpha Blend" type="u" value="0x60005" />
          <zmp:key name="Non-aplha blend" type="u" value="0x40003" />
        </zmp:folder>
      </zmp:folder>
    
      <zmp:folder name="Engine" >
        <zmp:key name="DepthFormat" type="l" value="75" />
        <zmp:key name="VertexProcess" type="l" value="1" />
      </zmp:folder>
    
      <zmp:folder name="Filters" >
        <zmp:folder name="Grand Theft Auto: DFF" >
          <zmp:key name="Textures" type="l" value="0" />
          <zmp:key name="Primary Color" type="u" value="0xFFFFFFFF" />
          <zmp:key name="Secondary Color" type="u" value="0xFF824111" />
          <zmp:key name="Dummies Color" type="u" value="0xFF008000" />
          <zmp:key name="Detect Lights" type="l" value="0" />
          <zmp:key name="Respect Root" type="l" value="0" />
          <zmp:key name="Format" type="u" value="0x1803FFFF" />
        </zmp:folder>
      
        <zmp:folder name="rFactor .GMT" >
          <zmp:key name="Lock file" type="s" value="0" />
          <zmp:key name="Save Thumbnail" type="s" value="0" />
          <zmp:key name="Disable Bumpness" type="s" value="1" />
          <zmp:key name="Disable Specular" type="s" value="1" />
          <zmp:key name="Create Hull" type="s" value="0" />
          <zmp:key name="Detect Quads" type="s" value="1" />
          <zmp:key name="Always smooth environment" type="s" value="0" />
        </zmp:folder>
      
        <zmp:folder name="3ds" >
          <zmp:key name="ConvertAxes" type="l" value="0" />
          <zmp:key name="MasterScale" type="l" value="10000" />
        </zmp:folder>
      
        <zmp:folder name="ISI gMotor .GMT" >
          <zmp:key name="Disable Bumpness" type="s" value="1" />
          <zmp:key name="Disable Specular" type="s" value="1" />
          <zmp:key name="Create Hull" type="s" value="0" />
          <zmp:key name="Detect Quads" type="s" value="1" />
          <zmp:key name="Bypass Empty Shaders" type="s" value="0" />
          <zmp:key name="Lock file" type="s" value="0" />
          <zmp:key name="Save Thumbnail" type="s" value="0" />
          <zmp:key name="Old Headers" type="s" value="0" />
        </zmp:folder>
      
        <zmp:folder name="RaceDriver3 .P3D" >
          <zmp:key name="Merge Meshes" type="s" value="1" />
          <zmp:key name="Disable Bumpness" type="s" value="1" />
          <zmp:key name="Disable Specular" type="s" value="1" />
        </zmp:folder>
      </zmp:folder>
    
      <zmp:folder name="Texture Layer Presets" >
        <zmp:key name="Mix with previouse" type="l" value="139528273" />
        <zmp:key name="High-level additive" type="l" value="139529809" />
        <zmp:key name="Low-level additive" type="l" value="139539025" />
        <zmp:key name="Mix with previouse, no alpha" type="l" value="72419409" />
        <zmp:key name="Low-level additive, no alpha" type="l" value="109654665" />
        <zmp:key name="Opacity-based additive" type="l" value="139532369" />
        <zmp:key name="Bump map" type="l" value="139538513" />
        <zmp:key name="Alpha-based mix with previouse" type="l" value="143204489" />
        <zmp:key name="Alpha-based additive" type="l" value="143205513" />
      </zmp:folder>
    
      <zmp:key name="QuickSelection" type="l" value="0" />
      <zmp:folder name="RecentCombo" >
        <zmp:folder name="CImportFileDialog" >
          <zmp:key name="num" type="l" value="1" />
          <zmp:key name="str0" type="s" value="C:\Documents and Settings\Bernardo\Desktop" />
        </zmp:folder>
      </zmp:folder>
    </zmp:folder>
  
    <zmp:folder name="DevicesManager" >
      <zmp:key name="PreferableDevice" type="s" value="Hardware@NVIDIA GeForce FX 5200" />
    </zmp:folder>
  </profile>
